id,address,name,symbol,decimals
0,0x6aa38edd7f32a28b7b2c2dc86fc5b0bf2ae61579,Super Champs,CHAMP,18
1,0xb97ef9ef8734c71904d8002f8b6bc66dd9c48a6e,USD Coin,USDC,6
2,0x09fa58228bb791ea355c90da1e4783452b9bd8c3,SuperVerse,SUPER,18
3,0xacfb898cff266e53278cc0124fc2c7c94c8cb9a5,AVAX HAS NO CHILL,NOCHILL,18
4,0xb31f66aa3c1e785363f0875a1b74e27b85fd66c7,Wrapped AVAX,WAVAX,18
5,0x5c09a9ce08c4b332ef1cc5f7cadb1158c32767ce,Fantom Bomb,fBOMB,18
6,0x49d5c2bdffac6ce2bfdb6640f4f80f226bc10bab,Wrapped Ether,WETH.e,18
7,0x9b9fd410d5f01a6a60acf4678a5a99d8027fa5a7,Mythos,MYTH,18
8,0x9b3a8159e119eb09822115ae08ee1526849e1116,Meme Alliance,MMA,18
9,0x152b9d0fdc40c096757f570a51e494bd4b943e50,Bitcoin,BTC.b,8
10,0x79bbf4508b1391af3a0f4b30bb5fc4aa9ab0e07c,HeyAnon,Anon,18
11,0x8729438eb15e2c8b576fcc6aecda6a148776c0f5,BENQI,QI,18
12,0x46b9144771cb3195d66e4eda643a7493fadcaf9d,BloodLoop Shard,BLS,18
13,0xffff003a6bad9b743d658048742935fffe2b6ed7,yellow ket,KET,18
14,0x34a528da3b2ea5c6ad1796eba756445d1299a577,Integrity DAO,ID,18
15,0x26debd39d5ed069770406fca10a0e4f8d2c743eb,GUNZ,GUN,18
16,0x432d38f83a50ec77c409d086e97448794cf76dcf,Heresy,HERESY,18
17,0x9209e7ebd056d72c5996220e99df6049253debcf,MEOW,MEOW,18
18,0x420fca0121dc28039145009570975747295f2329,COQINU,COQ,18
19,0x6f43ff77a9c0cf552b5b653268fbfe26a052429b,LAMBO,LAMBO,18
20,0xb8d7710f7d8349a506b75dd184f05777c82dad0c,ArenaToken,ARENA,18
21,0x2b2c81e08f1af8835a78bb2a90ae924ace0ea4be,Staked AVAX,sAVAX,18
22,0x153374c6d6786b6ca2c4bc96f9c3a471428f2bc7,Wilder World,WILD,18
23,0x5ddc8d968a94cf95cfeb7379f8372d858b9c797d,WOLFI,WOLFI,18
24,0xb02f37a282c028958de65711158422199a61e9ae,SeedifyFund,SFUND,18
25,0xcd94a87696fac69edae3a70fe5725307ae1c43f6,BLACKHOLE,BLACK,18
26,0x59414b3089ce2af0010e7523dea7e2b35d776ec7,Yak Token,YAK,18
27,0x13af0fe9eb35e91758b467f95cbc78e16fdd8b6b,BYTES,BYTES,18
28,0x5a3534720a4f29fa0dc53ce474db88973a95f65c,Undead Blocks,UNDEAD,18
29,0x6edac263561da41ade155a992759260fafb87b43,Vertical AI,VERTAI,18
30,0x67ea3abd5cee0b99d743155051c191b09135f93c,Aesyx Dollar,AXD,18
31,0x00000000efe302beaa2b3e6e1b18d08d69a9012a,AUSD,AUSD,6
32,0xa659d083b677d6bffe1cb704e1473b896727be6d,Pepe,PEPE,18
33,0xeb2729257280580694a06c499cb8c622e74215c8,Mog,MOG,18
34,0x6f911b6b39bcc665a463129c94b5380a4387b7eb,SPX6900,SPX,18
35,0x48f88a3fe843ccb0b5003e70b4192c1d7448bef0,Colony Avalanche Index,CAI,18
36,0xf197ffc28c23e0309b5559e7a166f2c6164c80aa,MXNB,MXNB,6
37,0x02d159a0c393b3a982c4acb3d03816a42d94f1ab,GCROC,GCROC,18
38,0xf8b22737cbfea137f9b2737d1dab2a8a21608cee,AgentXYZ,TRADER,18
39,0x8e48d9f6d73e9805df87dcf63f7b35ae04079713,KIGU,KIGU,18
40,0x451532f1c9eb7e4dc2d493db52b682c0acf6f5ef,Suzaku Token,SUZ,18
41,0xeec951bfdeb358371a19512c6c33cdd840d47db0,MOANI,MOANI,18
42,0x9702230a8ea53601f5cd2dc00fdbc13d4df4a8c7,TetherToken,USDt,6
43,0x133879524ddb38582cf0b93d10adb789601ff397,Borne,BORNE,18
44,0x700103766c23fb8da956caf94c756b90106eeb41,World Liberty Financial,WLFI,18
45,0x634608ed64c61ca9e741f8095193c0bfa0fa19cc,Solana,SOL,18
46,0x297731eb3cab3834525fc9ea061fd71d8f4645c9,BLAZE,BLAZE,18
47,0x2775d5105276781b4b85ba6ea6a6653beed1dd32,XAUt0,XAUt0,6
48,0xca58b8ad4a83d9e456ca88dab228803714074e23,ARTERY,ARTERY,18
49,0xc5718c4c91e9d051b082e02b1138ab5b6a01dcd1,TRON,TRX,18
50,0x5947bb275c521040051d82396192181b413227a3,Chainlink Token,LINK.e,18
51,0xa25eaf2906fa1a3a13edac9b9657108af7b703e3,Hypha Staked AVAX,stAVAX,18
52,0xd9c5a9b5fe4006cd0fce1f4020beb9020cbcc6f1,GSCORE,GSCORE,6
53,0x846e52d0dd71c2fdc891538b2d37ff84345c7b9f,Binance-Peg DOGE,DOGE,18
54,0xc891eb4cbdeff6e073e859e987815ed1505c2acd,Euro Coin,EURC,6
55,0x3d75f2bb8abcdbd1e27443cb5cbce8a668046c81,HLP0,HLP0,6
56,0x211cc4dd073734da055fbf44a2b4667d5e5fe5d2,Staked USDe,sUSDe,18
57,0x180af87b47bf272b2df59dccf2d76a6eafa625bf,Re Protocol Deposit Token,reUSD,18
58,0x94f9bb5c972285728dcee7eaece48bec2ff341ce,Staked Stream USD,xUSD,6
59,0xbc78d84ba0c46dfe32cf2895a19939c86b81a777,Solv BTC,SolvBTC,18
60,0x06d47f3fb376649c3a9dafe069b3d6e35572219e,Staked avUSD,savUSD,18
61,0xa3d68b74bf0528fdd07263c60d6488749044914b,Wrapped eETH,weETH,18
62,0xdf788ad40181894da035b827cdf55c523bf52f67,Yak Milk Suzaku Restaked sAVAX,rsAVAX,18
63,0x77146784315ba81904d654466968e3a7c196d1f3,Treehouse Token,TREE,18
64,0x7bfd4ca2a6cf3a3fddd645d10b323031afe47ff0,rsETHWrapper,wrsETH,18
65,0xc541c9856f02070fcd1d52e84fd236eebbb1d5fd,Test,TEST,18
66,0x24de8771bc5ddb3362db529fc3358f2df3a0e346,avUSD,avUSD,18
67,0xfc421ad3c883bf9e7c4f42de845c4e4405799e73,Gho Token,GHO,18
68,0x2cd3cdb3bd68eea0d3be81da707bc0c8743d7335,Yield BTC.B,YBTC.B,8
69,0x0555e30da8f98308edb960aa94c0db47230d2b9c,Wrapped BTC,WBTC,8
